ho'a,cae,,
ho'o,carne,,
ho'o'o,descarnar,,
ho'yguy,ahogar,hundirse,
ho'ysã,frío,fresco,
hugua,fondo,,
huguái,cola,,
huguaiti,encontrarse,,
huguare,sedimento,,
huguy,sangre,,
huguy'o,desangrar,,
humby,nalga,cadera,
hundi,perder,,
hunga,lastimar,machucar,
hupi,alzar,levantar,
hupity,alcanzar,lograr,
huvaiti,toparse,,
hu'ã,tope,cima,
hu'ã'o,desmochar,,
hu'iti,harina de maíz,,
hu'u,tos,toser,
hu'upuku,tos convulsa,,
hu'u,blando,,
hu'y,flecha,,
hu'yvõ,flechazo,,
hu,negro,,
hyakuã,olor,,
hy'ái,sudar,,
hyapu,ruido,,
hye,panza,vientre,
hyekue,tripa,intestino,
hyeñe'?,ventrílocuo,,
hyepy,entraña,dentro,
hyevúva,preñada,barrigón,
hýi,necesidad,,
hyku,derretir,,
hykue,jugo,zumo,
hykue'o,exprimir,,
hymba,animal,,
hypa,seco,,
hypa'?,inagotable,infinito,
hypy,profundo,hondo,
hypy'a,coagular,cuajar,
hypyha,hondura,,
hypýi,salpicar,rociar,
hypy'u,espeso,,
hyru,recipiente,envoltorio,
hysýi,fila,orden,
hyvatã,lleno,,
hyvi,fibra,filamento,
hyvykói,remover,escarbar,
hy'a,porongo,calabacita,
hy'ái,sudar,,
hy'akua,porongo,,
ichupe,a ellos,,
ijehegui,de sí,,
ikatu,es posible,,
iko'ë,amaneció,,
inga,moruro,árbol,
inimbe,cama,,
inimbo,hilo,,
ipahápe,por fin,,
ipahare,final,,
ipo,su mano,,
irundy,cuatro,,
irundyvéva,los cuatro,,
iru,compañero,socio,
ita,piedra,,
itahu,basalto,,
itaju,oro,,
itakua,cueva ,caverna,gruta
itakuruvi,canto rodado,,
itangecha,espejo,,
itapoty,musgo,liquen,
itapu,campana,,
itasaingo,plomada,,
itati,mámol,,
itaty,pedregal,,
itavera,cristal,vidrio,
ivitóke,chichón,,
jagua,perro,,
jaguajuka,olgazanear,,
jaguapara,jaguar,,
jaguape,lobito,,
jaguarete,tigre,,
jaguaretera'y,tigrezno,,
jaguarete'i,gato montez,,
jaguary'ái,insignificante,,
jahape,forraje,,
jahéi,impaciencia,disgusto,
jahe'o,llanto,llorar,
jaho'i,tapar,cubrir,
jahu,bañarse,bañar,
jahuha,bañera,piscina,
jahy'opykarãi,carraspear,toser,
jai,matorral,bosquecillo,llaga
jaikeha,entrada,,
jaitypo,anidar,,
jajái,resplandor,brillo,
jajuvoka,desnucar,,
jajuvyso,alargar,estirar el cuello,
jajy,gomoso,pegajoso,
jakare,cocodrilo,caimán,
jaku,pavo montés,,
jalea,restablecerse,,
jaojohéi,lavar ropa,,
jápa,añadidura,regalo,
japajeréi,revolcarse,,
japaro,vuelco,,
japepo,cazuela de barro,olla,
japeusa,cangrejo,,
japi,disparo,tiro,acertar
japijoha,antipático,,
japichy,friccionar,tocar,
japo,hacer,,
japokói,prenderse,agarrarse,
japu,mentir,invento,engaño
japyaty,acollar,aporcar,
japyhara,saltar,,
japyhy,agarrar,tomar,coger
japysaka,escuchar,atender,
jára,dueño,amo,
jarara,víbora,,
jararã,destinatario,,
jara'?,sin dueño,guacho,
jare,mugre,suciedad,
jare'o,limpiar,,
jari'i,acné,,
jaru,broma,burla,
jarýi,abuela,,
jaryvo,desenvainar,desenfundar,
jasuru,meterse,hundirse,
jasy,luna,mes,
jasyjatere,duende,,
jasypaha,fin de mes,,
jasyra'y,luna nueva,,
jatapy,prender fuego,,
jata'i,palmera,,
jatevu,garrapata,,
jate'i,abejita,,
jati'i,postema ,nacido,
jaty,cubrir con tierra,,
jatyko,apoyarse,recostase,
jatypeka,escarbar,averiguar,investigar
jatyta,caracol,,
jave,mientras,durante,
javegua,misma edad,,
javete,mismo momento,,
javeve,igual,,
javevýi,raya,,
javorái,maleza,espesura,matorral
javy,errar,equivocarse,
javyky,tocar,robar,
jayvy,agacharse,,
jay'uha,vaso,,
ja'o,reto,insulto,
ja'yvere,defraudar,faltar respeto,
jegua,adornado,,
jeguaka,adorno,,
jeguaru,asco,repugnancia,
jeguejy,bajada,,
jehague'o,pelarse,,
jeharu,malograrse,,
jehasa,se pasa,,
jehaso'o,desgusanar,,
jeheka,búsqueda,,
jehekýi,evadir,escapar,
jehero,apodo,sobrenombre,
jehesareko,atender,,
jehe'a,mezcla,,
jehogapo,construir casa,,
jehogue'o,deshojar,,
jehoha,destino,,
jehovere,chamuscarse,,
jehu,sucede,,
jehupapo,hacer el nido,,
jehuvai,desgracia,calamidad,
jehýi,hormigueo,adormecimiento,
jeiko,paraje,,
jeity,echarse,arrojarse,
jejaho'i,cubrirse,taparse,
jejapi,ser herido,,
jejapo,hacerse,fingir,
jejavy,equivocarse,,
jeja'o,insultado,reprendido,
jejohéi,lavarse,,
jejoko,atajarse,contenerse,
jejokua,atarse,ser atado,
jejokuái,ser ocupado,,
jejope,calentarse,,
jejora,soltarse,desligarse,
jejuka,suicidio,,
jejupi,subida,,
jejura,lazar,,
jejuru'o,discursear,arengar,
jejurupe'a,bostezar,,
jeka,rajar,romper,agrietar
jekareíva,frágil,,
jekopyty,comprensión,entendimiento,
jekuaa,divisarse,se le conoce,
jekuaauka,darse a conocer,,
jekutu,herida,puñalada,pinchazo
jekyreka,despiojarse,,
jekyty,rozarse,fregar,
jeku'ako,ponerse en jarras,,
jeovaho'i,taparse la cara,,
jepeju,soplarse,abanicarse,
jepepi,alzarse la falda,,
jepepy,torcerse,arquearse,
jepe'a,apertura,abrirse,leña
jepe'ava,recoger leña,,
jepe'e,calentarse,,
jepe'o,despelljar,,
jepi,siempre,,
jepicha,molestarse,,
jepichy,frotarse,friccionarse,
jepohéi,lavar las manos,,
jepoi,echarse,arrojarse,
jepoity,llamar,insinuar,
jepoka,retorcer,fiarse,confiar
jepoko,tocar,,
jepokua,manos atadas,,
jepokuaa,acostumbrarse,,
jepokyty,frotar las manos,,
jepopete,aplaudir,palmotear,
jepopia'o,quitar el aguijón,decir verdades,
jeporeka,hurgar,procurar,
jeporiahuvereko,compadecer,,
jeporu,prestar,usar,
jeporuka,prestarse,ofrecerse,
jeposu'u,atarse fuerte,,
jepota,deseo,codicia,
jepoupi,alzar las manos,,
jepovyvy,hurgar,revolver,
jepoyhu,recelo,desconfianza,
jepyaha,tramado,tejido,
jepyhéi,lavarse los pies,,
jepykua,pies atados,,
jepyso,estirar,,
jepytaso,esfuerzo,empeño,
jepyti'apete,golpear el pecho,,
jepytujoko,retener el aliento,,
jepyvu,revolver,,
jepy'ajuka,afligir,,
jepy'aka,atorar,pasmarse,
jepy'amongeta,refleccionar,,
jepy'apy,afligirse,apenarse,
jera,desatado,soltar,
jere,vuelta,,
jererohory,agasajar,felicitar,
jereroja,acarrear,,
jerereko,mantener,cuidar,
jeresarea,equivacarse,,
jero,bravo,duro,
jeroja,arrimar,,
jeroky,bailar,,
jerokyha,bailarín,,
jerovia,creer,confiar,
jeroviaha,de confianza,,
jerovu,arengar,infatuarse,
jero'a,inclinar,ladear,
jerure,pedir,suplicar,
jeruti,tórtola,palomita,
jesape'a,atender,abrir los ojos,
jetapa,tijera,,
jetavy'o,aprender,instruirse,
jetepyso,estirarse,desperezarse,
jetu'u,trabar,,
jety,batata,,
jetypeka,escarbar,averiguar,
jetyvyro,sacudir,,
jeva,mudanza,,
jevolea,dar vuelta,,
jevy,vez,de nuevo,otra vez
jey'u,beber,bebida,
je'aha,peligro,tentación,
je'e,decir,,
je'o,desteñir,palidecer,
je'ói,van,,
joa,juntos,todos,
joaju,unión,junta,
joapy,unido,añadido,
joasa,cruzarse,,
joavy,diferente,diferenciar,
joayhu,Amor mutuo,,
joecha,verse,,
jogua,asemejar,comprar,
joguaha,igual,comprador,
joha,urticaria,irritación en la piel,
johayhu,Amor mutuo,,
johéi,lavar las manos,,
joheipyre,lavado,honrado,probo
johechagi,tolerarse,,
johupity,alcanzar,,
johýi,limpiar,fregar,rozar
joity,echarse,tumbarse,
joja,igual,parejo,parecer
jojói,hipo,,
jojuhu,encontrarse,,
joko,detener,atajar,suspender
jokua,atar,uncir,
jokuaa,conocerse,,
jokuaha,atadura,fijador,
jokuái,ocupar,,
jokuaipy,enviado,,
jokuapy,atado,bulto,fardo
jokuapyrã,a ser atado,,
jokupyty,mucha inteligencia,,
jopara,mezclado,,
jope,ardor,calor,
jopeha,calentador artificial,,
jopi,picar,picadura,
jopói,regalo,obsequio,
jopoi,dejarse,separarse,divorciarte
jopoyhu,recelarse,,
jopy,apretar,oprimir,
jopyru,reemplazarse,turnarse,
jora,desatar,aflojar,soltar
joso,moler,pisar,machacar
jovahéi,lavarse la cara,,
jovái,enfrentarse,,
jovasa,santiguarse,,
joyvy,dúo,doble,
jo'a,encimado,doble,superpuesto
ju,venida,aguja,
juaju,juntos,unido,
juasy'y,árbol,,
juavy,diferencia,,
juayhu,Amor mutuo,,
jua'o,discutir,disputar,
jueja,dejarse,abandono,
juhu,encontrar,hallar,
juka,matar,,
jukaha,asesino,matador,
jukeri,mimosa,planta espinosa,
juku'a,disnea de esfuerzo,,
juky,sal,gracia,amabilidad
jukyry,agua salada,,
jukysy,sopa,caldo,
jukyty,salina,,
jumosã,enhebrar,,
jupapo,anidar,,
jupe,a sí mismo,,
jupi,subir,ascender,
jupika,escalera,,
jura,lazar,atrapar,
juru,boca,,
juruai,baba,espumarajo,
juruakua,pedigüeño,,
juruguasu,chabacano,soberbio,
juruhe,tener apetito,,
juruhe'?,lisonja,adulación,
juruja,descanso,respiro,
jurujái,boquiabierto,,
juruka,sofrenar,,
jurukech?,boca torcida,,
jurumi,oso hormiguero,,
jurumby'ÿi,charlatán,chismoso,
jurune,boca fétida,mal aliento,
jurupipi,chismoso,,
jurupyasy,profeta,adivino,
jurupyte,besar,,
jururyjúi,baba,espumarajo,
jurutie'?,deslenguado,grosero,
juruvã,boca torcida,,
juruvai,mal hablado,,
juruvy,entreabierto,entornado,
juvy,ahorcar,estrangular,
juru'a,bigote,,
juru'o,destapar,descorchar,
ju'ái,bocio,papera,
ju'i,rana,,
jykýi,desgranar,,
jyva,brazo,,
jyvanga,codo,,
jyva'ári,en brazos,,
jyvaguy,sobaco,,
jyvapoka,torcer el brazo,,
jyva'?,manco,,
kacha,tambalear,,
kachape,pequeño,rústico,
kachiãi,informal,indisciplinado,
kagua,vaso,copa,
kaguai,acometer,despotricar,
kaguare,oso hormiguero,,
kaguyjy,mazamorra,,
kái,quemar,incendiar,
kaigue,quemado,perezoso,
kaka,excremento,cagar,
kakuaa,grande,mucho,adulto
káma,teta,seno,
kamambu,burbuja,sorbo,trago
kama'o,extirpar el seno,,
kamba,negro,,
kambara'anga,máscara,disfraz,
kambire,teta,ubre,
kambu,mamar,,
kambuchi,cántaro,,
kamby,leche,,
kambykyra,nata,,
kamby'u,beber leche,,
kane'õ,cansancio,fatiga,
kandu,chichón,protuberancia,
kangue,hueso,,
kanguekyrýu,cartílago,,
kanguero,mal carácter,rígido,
kangy,débil,flojo,
kañy,perder,extraviar,esconder
kapa,castrar,,
kapiygua,carpincho,,
kapi'i,paja,,
kapi'ipe,pasto,,
kapõ,castrado,,
kapu,reventar,,
karaguata,pita,pardo,
karaguataty,pital,atolladero,
karai,señor,don,
karaiñe'?,castellano,,
karai pyhare,pombero,,
karakaka,cacarear,,
karakara,carancho,,
karaku,tuétano,médula,
karameguã,baúl,,
karanda'y,palmera,,
karapachãi,añadir,,
karapã,curvo,arqueado,
karape,enano,bajo,
karáu,esquince,torcedura,
karãi,arañar,rasguñar,
kar?,renguear,cogear,torcido
karia'y,joven,moso,valiente
karu,comer,consumir,reducir
karugua,estero,ciénaga,
karuha,comedor,,
karumbe,tortuga,,
karupyhare,cena,,
karu'i,ayuno,inapetencia,
kasõ,pantalón,,
kate,elegante,lujoso,
kati,sobaquina,,
katu,es posible,pleno,
katuete,sin falta,,
katui,moderado,,
katui,siempre,,
katupyry,capaz,hábil,
káva,avispa,abeja,
kavaju,caballo,,
kavara,cabra,,
kavaraity,colmena,avispero,
kavichu'i,avispita,,
kavure,búho,,
kavure'i,especie de búho,suerte,simpático
kaygua,porongo,matero,
kaysa,cerco de ramas,,
kay'u,tomar mate,,
ka'a,yerba mate,,
ka'aguasu,bosque,bosque grande,
ka'aguy,monte,selva,
ka'aguygua,montaraz,del monte,
ka'aguyrerekua,guardabosque,,
ka'ajarýi,ninfa del bosque,,
ka'api,carpir,,
ka'apiha,azada,carpidor,
ka'ar?,planta medicinal,,
ka'aru,tarde,,
ka'aru pytu,crepúsculo,anochecer,
ka'aty,yerbal,,
ka'avo,verdura,planta espinosa,
ka'avotyre'?,planta parásita,,
ka'ay,mate,,
ka'ay he'?,mate dulce,,
ka'ay kamby,mate con leche,,
ka'aykue,yerba usada,,
ka'ayro,mate amargo,,
ka'?,asado,,
ka'i,mono,enclenque,
ka'ípe,gratis,sin pagar,
ka'u,borrachera,,
ka'urapo,borrachín,,
kã,seco,marchito,
ke,sueño,dormir,entrar
kech?,torcido,,
kek?,ronco,,
keko'?,dormir hasta amanecer,,
képe,en sueños,,
kéra,sueño,dormir,
keraguata,sonámbulo,,
kerai,medio dormido,,
kerambi,dormitar,,
kerambu,roncar durmiendo,,
kerana,dormilón,,
kerañe'?,hablar en sueños,,
kerasy,insomnio,,
kerésa,huevecillos de mosca,,
kese,tener sueño,,
kesu,queso,,
kevy,dormitar,,
kichiha,novia,querida,
kiriri,callar,calma,silencio
kirito,Cristo,,
kiveve,polenta de queso y zapallo,,
kóva,éste,,
koe,distinguirse,,
kóga,sembrado,palanta,
kogakue,frutos,productos,
kogarenda,chacra,,
kogaty,plantación,,
kogoe,perdiz,,
kóicha,de este modo,,
kóina,tomar mate,aquí tienes,
köingue,gemelo,mellizo,
kokatu,dominar,,
kokore,cacarear,,
kokue,chacra,granja,huerta
kokuehe,el otro día,,
kokuere,chacra abandonada,,
koni,contoneo,,
kopi,corpir,cortar pasto,
kopiha,machete,herramienta,
kora,cerco de ramas,corral,
korapy,patio,,
korasõ,corazón,,
korochire,zorzal,,
korócho,áspero,rugoso,
kororõ,gruñido,rugido,roncar
korói,reprender,,
kose,perjudicial,dañino,
kosereva,conserva,dulce de mamón,
kotev?,necesitar,precisar,
koty,habitación,pieza,cuarto
kotyjekeha,dormitorio,,
koty'i,piecita,,
kóva,éste,,
kove,vivir,,
kovejevy,resucitar,,
koygua,campesino,tímido,
ko'ágotyo,hacia acá,,
ko'águi,de acá,,
ko'ágä,ahora,,
ko'ápe,aquí,acá,
ko'?,madrugada,,
ko'?ju,aurora,alborada,
ko'?ko'?re,cada día,,
ko'?ramo,mañana,,
ko'?re,cada mañana,,
kua,agujero,,
kuaa,conocimiento,inteligencia,saber
kuaapa,saber todo,,
kuaauka,enseñar,,
kuaavy,sospechar,,
kuaa'i,ignorante,,
kuairu,anillo,,
kuapyre,agujereado,,
kuára,orificio,,
kuarahy,sol,,
kuarahymimby,brillo solar,,
kuarahyreike,oeste,poniente,
kuarahyres?,oriente,,
kuarahy'ã,sombra,,
kuare,cueva,madriguera,
kuarepoti,metal,,
kuaru,mear,orinar,
kuaruhýi,ganas de orinar,,
kuatia,papel,documento,
kuatiatã,cartón,,
kuatiañemuha,librería,,
kuatiañe'?,carta,papel escrito,
kuati,ardilla,,
kuave'?,ofrecer,,
kuã,dedo,,
kuãchapi,dedo deformado,,
kucha'ã,deforme,,
kuchu,flojo,,
kuchu'i,papagayo,,
kuehe,ayer,,
kueheambue,antes de ayer,,
kuera,sanar,curarse,
kuerái,harto,fastidiado,
kúi,desprender,despegarse,
kuigue,caído,desprendido,
kuimba'e,varón,hombre,macho
kuimba'ete,héroe,valiente,
kumanda,poroto,arveja,
kumanda peky,peroto tirno,,
kumberéi,lamerse los labios,,
kunumi,muchachito,varoncito,
kunu'u,mimos,caricias,
kundaha,recorrer,indagar,
kuña,mujer,hembra,
kuñakarai,señora,casada,
kuñapaje,bruja,,
kuña pyahu,virgen,,
kuñareko,feminismo,,
kuña rekovai,ramera,meretiz,
kuñataï,doncella,soltera,
kupe,detrás,espalda,
kupi'i,termita,,
kupia,granito de la lengua,,
kupy,canilla,pierna,
kuratu,cilantro,,
kura'?i,sarna,roña,
kure,chancho,cerdo,
kurepi,piel de chancho,mote de argentinos,
kuru,estar clueca,llaga,
kuruchi,arrugarse,encogerse,
kurupa,llagados,,
kurupa'y,cebil,árbol,
kurupi,ser mitológico,,
kurupika'y,árbol,,
kururu,sapo,,
kurusu,cruz,,
kuruvai,lepra,,
kuruvíka,trozos,fragmentos,
kusugue,cenizas,escombros,
kutu,clavar,pinchar,herir
ku'a,cintura,mitad,
ku'asã,cinto,cinturón,faja
ku'i,desmenuzado,triturado,
ku,lengua,,
ku'ä,paladar,,
kumby,paladear,interpretar,
ky,piojo,llover,aún tierno
kychy'iha,sierra,,
kygua,peine,,
kyha,hamaca,,
kyhyje,temor,desconfianza,
kyja,nutria,,
kyju,grillo,,
kymbu,gorgojo,,
kype,ladilla,piojo de vello,
kypy'y,hermana menor,,
kyra,gordo,grueso,
kyra'o,descengrasar,,
kyreka,despiojar,,
kyre'?,laborioso,diligente,activo
kyrupi'a,liendre,,
kyrýu,cartílago,,
kyr?i,cosquillas,ternura,
kyse,cuchillo,,
kysepuku,espada,sable,
kyseyvyra,venganza,cuchillo de palo,
kytã,verruga,callo,
kyti,cortar,segar,acortar
kyto,chico,poco,
kyty,fregar,frotar,restregar
kyvy,hermano de la mujer,,
ky'a,sucio,impuro,
ky'a'o,limpiar,quitar la mugre,
ky'?i,ají,pimiento,
lechãi,vieja,,
lechiguána,cierta avispa,,
lekaja,viejo,,
lembu,escarabajo,,
lepiju,anciano,,
limasuti,limón,,
liméta,botella,,
luisõ,ser mitológico,,
machu,ama de casa,cocinera,
maimbe,tostar,,
mainumby,colibrí,picaflor,
maitei,saludo,,
maka,juego de naipes,,
mamanga,abejorro,,
mamóne,papaya,mamón,
mamópa,¿donde?,,
mamorei,cualquier sitio,,
mano,muerte,,
manorei,desmayarse,,
mandi'o,mandioca,,
manduvi,maní,,
mandu'a,recordar,memoria,
mandyju,algodón,,
mangaysy,resina,,
mangea,acechar,espiar,
mante,solo,,
manterei,continuamente,,
maña,mirar,obserbar,
mañaha,mirador,,
mañayke,mirar al costado,,
mañeípa,verdad,,
marachachã,impedido,,
máramo,nunca,,
marane'?,sin mancha,impoluto,
marandova,gusano verde,,
marandu,noticia,novedad,
marangatu,santo,virtuoso,justo
marave,nada,,
mara'?,puro,sin mancha,
marã,defectuoso,puro,
marãiko,¿para qué?,,
masakaragua'i,pajarito diminuto,,
matúla,viático,,
máva,¿quién?,un individuo,
mavaite,todos,,
ma'erã,¿para qué?,,
ma'?,mirada,atender,observar
ma'?mbuku,mirar lejos,,
megua,del,,
meguä,defectuoso,deforme,
meme,continuado,siempre,
memby,hijo,,
membykõi,mellizo,gemelo,
membykua,aborto,,
membymbohapy,trillizo,,
membyména,yerno,,
ména,marido,esposo,consorte
menarã,novio,,
mensu,yerbatero,,
menda,casar,,
mendare,casado,,
merõ,melón,,
me'?,dar,entregar,otorgar
michi,chico,pequeño,diminuto
mimói,hervido,sancochado,
mimbi,resplandecer,brillar,iluminar
mimby,flauta,,
mindu'u,rumiar,masticar,
minga,ayudarse,,
mingáu,postre,,
miri,pequeño,humilde,
mitã'i,niño,nene,
mitãkaria'y,mozo,joven,
mitãkuimba'e,varoncito,niño,
mitãkuña,niña,chica,
mitãmokambu,amamantar,,
mitãrerekua,niñera,,
mitãrupa,cuna,,
mitãrusu,joven,,
moaguï,acercar,aproximar,
moakã,encabezar,,
moakãraku,entusiasmar,apasionar,
moakãrapu'ã,ayudar,,
moakarati,poner cuernos,,
moakãsa'i,explicar,declarar,
moakãtavy,atontar,,
moakytã,anudar,hacer terrones,
moak?,mojar,empapar,
moangekói,inquietar,molestar,turbar
moaña,hacer malo,volver ruin,
moapesã,ensartar,,
moapes?i,alisar,pulir,
moarandu,instruir,enseñar,
moasãi,extender ,esparcir,
moas?,hacer llorar,,
moatã,endurecer,,
moataindy,alumbrar,prender velas,
moatati,ahumar,,
moatymói,hamacar,balacear,
mocha'i,arrugar,,
mochichi,acariciar,mimar,
mochu'u,destruir,destrozar,
mohatã,endurecer,,
mohav?,enmohecer,,
moha'anga,marcar,fotografiar,
moha'eño,aislar,apartar,
mohenda,colocar,acomodar,
mohe'õ,humedecer,mojar algo,
moho'ysã,enfriar,refrescar,
mohu,ensombrecer,pintar en negro,
mohu'u,ablandar,,
mohyakuã,perfumar,aromatizar,
mohypy'u,espesar,condensar,
moinge,meter,introducir,
moingo,hacer andar,arreglar,
moingove,vivificar,animar,
moiru,acompañar,,
moi,poner cuernos,señalar,colocar
mokambu,amamantar,,
mokane'õ,fatigar,cansar,hastiar
mokangy,debilitar,enflaquecer,
mokañy,ocultar,tapar,
mokarapã,doblar,arquear,
mokarapachãi,añadir,,
mokar?,curvar,arquear,
moka'?,asar,,
mokã,secar,desecar,enjugar
mokiriri,acallar,silenciar,
moko'?,amanecer,,
mokõ,tragar,tomar,
mokõi,dos,,
mokunu'u,acariciar,mimar,
mokyre'?,animar,estimular,
mokyr?i,cosquillas,,
momaitei,saludar,,
momano,mortificar,desmayar,
momandu'a,recordar,,
momarandu,avisar,comunicar,
momorã,alabar,felicitar,
mombarete,fortalecer,robustecer,reforzar
mombáy,despertar,,
momba'apo,ocupar,,
momba'e,alabar,admirar,apreciar
mombe'u,contar,narrar,avisar
mombe'upyrã,memorable,,
mombia,desviar,,
mombo,tirar,lanzar,arrojar
mombo'o,destetar,,
mombu,reventar,,
mombyky,acortar,abreviar,truncar
mombyry,lejos,apartado,
mombyta,detener,,
mombyte,dividir,mitad de algo,
mombytu'u,reposar,relevar,
mona,untar,embadurnar,
monei,acceder,consentir,otorgar
mono'õ,juntar,recoger,coleccionar
monda,robar,hurtar,
monde,vestir,,
mondo,enviar,,
mondoho,soltar,romper,
mondoro,desgarrar,arrancar,
mondýi,espantar,atemorizar,asustar
mondyky,gotear,,
mongakuaa,desarrollar,criar,
mongarai,bendecir,consagrar,
mongaráu,torcedura,,
mongaru,alimentar,recalcar,
monge,adormecer,,
mongeta,conversar,declararse,
mongora,cercar,sitiar,
monguerái,aburrir,fastidiar,cansar
mongúi,desprenderse,,
mongu'e,mover,menear,aflojar
mongu'i,triturar,desmenuzar,
mongyhyje,atemorizar,amilanar,
mongyra,engordar,,
mongy'a,ensuciar,manchar,embadurnar
moñái,astuto,pillo,ser mitológico
moñeno,acostar,poner clueca,
moñepyru,introducción,empezar,
moñe'?,leer,hacer hablar,
moõ,donde,,
mopa'ã,sujetar,afirmar,
mopa'u,espaciar,,
moperõ,pelar,rapar,
mopetei,unificar,aunar,federar
mop?,encargar,trozar,romper
mopiri,estremecer,conmover,escalofrío
mopiro'ysã,refrescar,refrigerar,aliviar
mopokã,espaciar,,
moporã,embellecer,hermosear,
mopoti,limpiar,asear,
mopu'ã,levantar,elevar,alzar
mopyryr?i,hacer girar,,
mopytã,pintar en rojo,,
mopytu,oscurecer,,
moroti,blanco,,
mosã,atar,encadenar,cautivar
mos?,expeler,echar,
mosusu,conjugar,aclarar,
mo'ã,cubrir,casi,sospechar
muã,luciérnaga,,
mumu,abundar,pulular,
muña,perseguir,,
mýi,mover,menear,
mykur?,comadreja,,
mykychi,batata silvestre,,
mymba,animal domesticado,,
mytu,pavo montés,,
mbaipy,polenta,,
mbaraka,guitarra,,
mbarakaja,brazo,gato,
mbarete,fuerte,fortaleza,
mbarigui,polvorín,jején,
mba'apo,trabajar,laborar,
mba'aporeka,buscar trabajo,,
mba'aporepy,jornal,salario,
mba'apose'?,holgazán,haragán,
mba'asy,enfermedad,dolencia,achaque
mba'asypo'i,tisis ,tuberculosis,
mba'e,cosa,objeto,
mba'eapu'a,esfera,bola,
mba'eavy,error,equivocación,
mba'ehe'?,dulce,,
mba'ejára,dueño,amo,
mba'ekuaa,conocimiento,saberes,
mba'eky'a,impureza,suciedad,
mba'erepy,mercancía,mercadería,
mba'eryru,recipiente,bolso,
mba'evai,maldad,cosa fea,
mba'eve,nada,porque,
mba'evete,en absoluto,,
mbegue,despacio,en voz baja,
mbeju,torta de almidón,,
mberu,mosca,,
mbichy,asado,tostado,
mbiriki,correr,,
mbiru'a,ampolla,viruela,
mbita'i,salpullido,sudamina,
mboaguara,adular,lisonjear,
mboai,llagar,,
mboaje,cumplir,practicar,
mboaju,madurar,sazonar,
mboaku,calentar,,
mboao,vestir,proveer ropa,
mboapajeréi,revolcar,,
mboapasuru,hundir,sumergir,sumir
mboape,forrar,,
mboapu'a,redondear,,
mboapýra,poner fin,,
mboapyte,embutir,poner en medio,
mboare,demorar,dilatar,
mbogua,cerner,colar,purificar
mboguaha,cedazo,colador,
mbogue,apagar,extinguir,
mboguejy,bajar,descolgar,
mboguy,levantar,entreabrir,
mboguyguy,revisar,hurgar,
mbohái,agriar,,
mbohaku,calentar,,
mbohakua,hacer punta,,
mbohakuvo,calentar mucho,sonrojar,
mbohape,encaminar,allanar dificultades,
mbohapy,tres,,
mbohe,condimentar,,
mbohero,apodar,,
mboheta,aumentar,,
mbohory,animar,,
mbohovái,contestar,enfrentar,
mbohyru,envasar,embotellar,
mbohysýi,listar,poner en hilera,
mbohyvi,tirar,lanzar,
mbohy'ái,hacer sudar,,
mbói,víbora,ofidio,serpiente
mboi,desnudar,,
mboichini,cascabel,,
mboja,arrimar,pegar,fijar
mbojahu,bañar,duchar,
mbojapu,hacer mentir,,
mbojaru,bromear,retozar,
mboja'o,dividir,partir,distribuir
mbojegua,adornar,engalanar,
mbojevy,retroceder,derrotar,vencer
mboje'o,borrar,descolorear,
mbojoja,rasar,igualar,aplanar
mbojuasa,cruzar,atravezar,
mbojuavy,diferenciar,distinguir,
mbojy,cocer,cocinar,
mboka,revólver,pistola,
mbokacha,agitar,remover,
mbokaja,palmera,cocotero,
mbokapu,tirar,disparar,
mbokavaju,reprender,,
mbokavícho,petardo,bombita,cohete
mboka'apa,agotarse,,
mbokua,agujerear,,
mbokuarahy,solear,,
mbopi,murciélago,,
mbopiru,secar,,
mbopu,tañer,tocar un instrumento,
mbopuku,alargar,,
mbopupu,hervir,,
mborevi,tapir,anta,
mboro,amargar,,
mboryrýi,hacer temblar,,
mbosyry,hacer fluir,,
mbota,cerca de,,
mbotavy,mentir,engaño,fraude
mbovava,sacudir,menear,
mbovo,partir,seccionar,rebanar
mbovy,poco,escaso,
mbovyvy,coser,hilvanar,remendar
mboypi,enflaquecer,secar,enjutar
mboypýri,allende,al otro lado,
mboysýi,insertar,enfilar,
mboyve,antes,,
mbo'y,aguar,collar,
mbuepoti,castigar,pegar,azotar
mbujape,pan,,
mburea,mugir,bramar,bujar
mburika,mula,mulo,
mburukuja,pasionaria,,
mburuvicha,jefe,superior,
mbusia,morcilla,embutido,
mbusu,anguila,,
mbutu,tábano,,
mbya,gente,una tribu,
mbyai,estropear,,
mbyaju,fastidiar,molestar,hacer madurar
mbyaku,calentar,,
mbyao,vestir,proveer ropa,
mbyape,ensillar,,
mbyasy,sentir,compadecerse,
mbyaty,juntar,amontonar,
mbyja,estrella,lucero,
mbyju'i,golondrina,,
mbyky,corto,breve,preciso
mbyry'ái,calor,,
mbyte,centro,medio,blanco
nahániri,no,,
namichäi,aro,zarcillo,cresta
nambi,oreja,,
nandi,vacío,suelto ,libre
nemba'e,tuyo,,
ne'ïra,todavía,aún no,
noinupäi,no pega,,
nohë,sacar,extirpar,
no'ö,reunión,conjunto,asamblea
nundu,latir,zumbar,
nunga,casi,un poco,
nupä,azotar,castigar,golpear
ndahasýi,fácil,,
ndahéi,insípido,no es sabroso,
ndahepýi,barato,,
ndaipóri,falta,no hay,
ndaje,se dice,,
ndéve,tú también,,
nde,tú,,
ndehegui,de ti,,
nderehe,por ti,,
nderehe'ÿ,sin ti,,
ndive,con alguien,,
ndyvu,escupir,,
nga'u,ojalá,,
ngululu,murmullo,,
ñahatï,libélula,caballito del diablo,
ñai'ü,arcilla,,
ñakamby,entreabrir las piernas,,
ñakäpytï,atarse la cabeza,,
ñakarama,agarrarse,prenderse,
ñakarapu'ä,levantar la cabeza,restablecerse,reaccionar
ñakäity,agacharse,inclinar la cabeza,
ñakäjoka,romperse la cabeza,,
ñakäky'o,limpiarse la cabeza,,
ñakurutü,búho,mochuelo,
ñakyrä,cigarra,chicharra,
ñami,ordeñar,exprimir,
ñamindu'u,rumiar,masticar,roer
ñambyvo,resoplar,,
ñana,yuyo,yerba,
ñanandy,yuyal,yerbal,
ñani,correr,,
ñande,nosotros,,
ñandejára,Dios,Nuestro Señor,
ñandéve,a nosotros,,
ñandu,araña,sentir,
ñanduguasu,avestruz,,
ñandu kavaju,tarántula,,
ñandukuaa,darse cuenta,,
ñandurenimbo,telaraña,,
ñandurie,viborita,,
ñanduti,telaraña,encaje,
ñandy,grasa,aceite,sebo
ñangapiry,arbusto,,
ñangareko,cuidar,,
ñaña,maldad,ruin,
ñañuvä,abrazar,,
ñapamona,revolcarse,,
ñapengo,enderezar,,
ñapepo,olla,,
ñapï,cortar el pelo,,
ñapymi,zambullirse,hundirse,
ñarö,ladrar,embravecerse,
ñasaindy,luz de luna,,
ñati'ü,mosquito,,
ñatöi,templar,tocar un instrumento,alarmar
ñavö,cada,,
ña'ä,procurar,esforzarse,
ña'ë,palangana,cazuela,
ña'ëmbe,plato,,
ñeha'ä,luchar,esforzarse,
ñehäikutu,escarbarse los dientes,,
ñehë,derramarse,desbordarse,
ñehenói,llamamiento,vocación,
ñehendu,oírse,ser oído,
ñekuä,ofrecimiento,ofrecerse,
ñekumberéi,relamerse,,
ñekytï,cortarse,herirse,
ñemano,mortandad,muerte,
ñeme'ë,entrega ,sacrificio,
ñemi,esconderse,ocultarse,
ñemity,siembra,cultivo,plantación
ñemoakate'ÿ,tacaño,ser mezquino,
ñemoirü,asociarse,acompañarse,
ñemoï,ponerse,ser puesto,
ñemokañy,ser ocultado,,
ñemomba'e,adueñarse,enseñorearse,
ñemombe'u,indicación,,
ñemu,vender,negociar,
ñemyakÿ,mojarse,empaparse,
ñembiso,moler,pisar,triturar
ñembogua,colarse,colarse,
ñembohéra,llamarse,,
ñemboi,desnudarse,,
ñemboja,arrimarse,pegarse,
ñembojaru,bromear,,
ñemboki,enamorarse,galantear,
ñembotavy,ser engañado,,
ñembotuja,envejecer,,
ñemboty,recluirse,encerrarse,clausurado
ñembou,ser enviado,,
ñembovo,tajarse,partir,
ñembovu,hincharse,inflarse,
ñembo'e,oración,rezo,enseñanza
ñembo'i,desmenuzarse,despedazar,
ñembo'y,parado,erguido,de pie
ñembyai,descomponerse,estropearse,
ñeno,acostar,tumbarse,
ñepä,deforme,paralítico,
ñepehe'ä,despedazado,,
ñepë,fractura,,
ñepia'ä,esforzarse,,
ñepichäi,pellicarse,,
ñepomoï,juntar las manos,,
ñepombopu,palmotear,aplaudir,
ñeporandu,ser preguntado,,
ñepyrü,principio,inicio,
ñepyta'ä,ponerse de puntillas,,
ñepytyvö,auxilio,socorro,ayuda
ñesü,arrodillar,,
ñesupehë,genuflección,,
ñetinga,caerse de nariz,,
ñe'ä,corazón,entrañas,
ñe'ävevúi,pulmón,,
ñe'ë,palabra,idioma,hablar
ñe'ëguyguy,susurrar,murmurar,cuchichear
ñe'ëjoapy,eco,,
ñe'ëjopara,mezcla de idiomas,,
ñe'ëkuaa,inspiración,saber hablar,
ñe'ënga,refrán,proverbio,
ñe'ëngatu,charlatán,locuaz,hablador
ñe'ëngu,mudo,,
ñe'ëngue,dicho,doctrina,palabra
ñe'ëngueryru,vocabulario,léxico,
ñe'ëpaha,conclusión,despedida,última palabra
ñe'ëpa'ä,tartamudear,,
ñe'ëpyho,escaparsele la palabra,,
ñe'ërei,mentira,inexactitud,
ñe'ëreity,indirectas,alusiones,
ñe'ëvai,groserías,palabrotas,
ñe'ëypy,prefacio,,
ñoa'ä,tirarse,,
ñohápe,en soledad,,
ñoha'ä,pelearse,,
ñohendu,oírse mutuamente,,
ñohë,derramar,vaciar,
ñoki,defectuoso,,
ñoko'ë,hendidura interclavicular,,
ñomi,esconder,,
ñomongeta,hablar,intercambiar ideas,
ñoña,meter,,
ñopichâi,pellizcarse,,
ñopü,lastimar,dañar una herida,
ñorairö,atacarse,pelearse,
ñotï,atar la hamaca,,
ñotÿ,plantar,sembrar,cultivar
ñu,campo,llano,valle
ñuatï,espina,,
ñuatï'o,sacar la espina,,
ñuaü,lunar,prominencia,
ñuhä,trampa,emboscada,
ñyñýi,encogerse,marchitarse,arrugarse
ñyrö,perdón,indulgencia,
oakävo,de cabeza,,
óga,casa,domicilio,hogar
óga ape,techo,terraza,
óga guasu,palacio,casa comunal,
ogaguy,pasillo,corredor,bajo techo
ogahoja,techo,,
ogajára,amo,dueño de casa,
ogajere,alrededores de la casa,,
ogakapi'i,cabaña de paja,,
ogakupe,posterior de la casa,,
ogapepo,alero,,
ogapy,interior de la casa,,
ogaygua,de la casa,doméstico,
oguatáva,caminante,turista,viajante
oimehápe,en cualquier lugar,,
oimeraëva,cualquiera,,
oimbáma,listo,ya está,
oïháicha,todos,,
ojaha,juntura,ensamble,
ojahúva,bañista,,
ojehúva,lo que ocrre,,
ojekareíva,frágil,,
ojekuaáva,conocido,,
ojepokuaáva,habituado,práctico,baqueano
ojepykuáva,preso,esposado,encadenado
ojeréva,que gira,,
oje'e,se dice,dicen que,
oje'ói,van,se retiran,
ojopohéi,juntos,acostados,
ojopýva,que aprieta,,
ojoykére,juntos,en colaboración,
ojovái,frente a frente,,
ojuajúri,unidos,acorrallados,
ojuehe,entre sí,,
ojupe,a sí mismos,,
oka,fuera,calle,
okágui,de fuera,,
okápe,afuera,,
okára,rural,campaña,campo
okáragotyo,hacia la campaña,,
okaraygua,campesino,,
okirirïva,callado,taciturno,
oko'i,acuden,llegan,
omanóva,el muerto,,
omano'ÿva,inmortal,,
omoherakuäva,pregonero,altavoz,
omoingéva,introductor,,
oñe'ëva,orador,charlista,conferenciante
oñokuäre,de las manos,,
oñondive,juntos,mutuamente,
opa,termina,se acaba,
opahendárupi,por todas partes,,
opáma,fin,se terminó,
opamba'e,todos,,
opárupi,por todas partes,,
opavave,toditos,,
opa'yva,interminable,infinito,ilimitado
opichoro,bebido,borracho,
opívo,desnudo,,
opóvo,a gatas,a cuatro patas,
orehegui,de nosotros,,
oréicha,como nosotros,,
oréma,nos toca,,
oremba'e,lo nuestro,,
orendive,con nosotros,,
orerehe,por nosotros,,
oréve,a nosotros,,
ore'ÿrehe,sin nosotros,,
otïva,vergonzoso,tímido,pudoroso
oti'ÿva,bribón,sinvergüenza,
oúva,suele venir,,
ovapývo,boca abajo,,
ováva,se muda,nómada,contagioso
ovayvávo,boca arriba,,
ovecha,oveja,cordero,
overáva,brillante,que brilla,
ovetä,ventana,,
ovy'áva,gozoso,contento,aventurado
ovy'a'ÿva,infeliz,desdichado,
paha,fin,término,conclusión
pahague,último,gastado,
pajagua,una etnia,,
paje,hechicería,magia,encantamiento
pakova,banana,plátano,
pakuri,árbol frutal,,
panambi,mariposa,,
papa,contar,enumerar,
papaha,contador,,
papapy,contado,número,
para,matizado,abigarrado,avero
paragua,corona,,
parana,río caudaloso,mar,
parapa,overo,pecoso,
pararä,ruido fuerte,,
para'i,color grisáceo,,
patuka,aporrear,golpear,machucar
patula,espátula,remo,cuchara
pavë,universal,general,
páy,vigilia,despierto,despertar
pa'ä,atascamiento,abstrucción,
pa'i,sacerdote,padre,
pa'ü,espacio,intermedio,vacío
pegua,procede de,,
pehengue,parentela,pedazo,
pehe'ä,partir,dividir,fraccionar
pehë,defectuoso,asimétrico,
péina,toma,he aquí,
peju,soplo,,
peka,separar,apartar,hojear
peköi,doble,mellizo,duplo
peky,tierno,verde,jovencita
penarä,rótula,,
penemba'e,cosa vuestra,,
pengue,roto,destrozado,
pepy,doblar,torcer,arquear
pere,marca,cicatriz,señal
perere,aletear,vibrar,latir con fuerza
pererï,delgado,,
perevy,bazo,,
perö,pelado,calvo,
pete,palmada,pegar,abofetear
peteï,uno,,
peteîha,primero,,
peteï jevy,una vez,,
peteïcha,igual,lo mismo,
petÿ,tabaco,,
petÿndy,tabacal,,
petÿsu'u,mascar tabaco,,
péu,pus,,
péva,ese,eso,
peve,hasta,,
pe'a,quitar,abrir,destapar
pe'o,descortezar,descascarar,
pë,romper,fracturar,
pi,escampar,calmar,
pia,desviarse,apartarse,
piári,en busca,,
piä,escaparse,evadirse,
pichäi,pelliscar,picotear,pinchar
picha'ï,rizado,caracolado,arrugado
pichoro,bebido,tomado,borracho
pichy,fregar,frotar,masajear
pichiguy,reservado,felón,vengativo
piguy,voz baja,en secreto,
pijoha,comezón,picazón,malestar
pijy,perezoso,lerdo,tacaño
piky,pequeño,chico,pecesillo
pikypa,mojarra,,
pinda,anzuelo,,
pindapoi,pescar,,
pindarembi'u,cebo,carnada,
pinda ýva,caña de pescar,,
pindo,cierta palmera,,
pipi,irritación,irritarse,
pira,pez,pescado,
piraju,pez dorado,,
pirakutu,pescar,,
pirakutuha,pescador,,
pirapire,dinero,plata,
pirapire'o,escamar,,
piraro'o,carne de pescado,,
piräi,piraña,,
pire,piel,corteza,cuero
pireapeno,urticaria,,
pireatä,piel dura,callosa,inhumano
pirehü,moreno,negro,oscuro
pirejy,resistente,,
pirekorócho,piel áspera,,
pirekue,cáscaras,,
pire morotï,tez blanca,,
pire'o,despellejar,desollar,pelar
pirevai,malhumorado,irascible,
piriri,chispa,ruido,
piriríta,pájaro,,
pirity,juncal,pajonal,
pirivevýi,totora,,
pirï,escalofrío,estremecimiento,emoción
piro,pelar,despellejar,descortezar
piro'y,fresco,agradable,
piro'ysä,frescura,,
piru,flaco,delgado,seco
piruchï,flacucho,,
pita,fumar,,
pitaha,fumador,pipa,boquilla
pitikiri'ï,riñón,,
pititï,peca,granito,
pitua,torpe,desmañado,
pïa,grano,,
po,mano,saltar,cinco
poakatúa,mano derecha,,
poape,dorso de la mano,,
poapu'a,puño,puñetazo,
poasu,mano izquierda,,
pochy,ira,iracundo,enojarse
pochyjera,serenarse,apaciguarse,
pochyrei,irascible,,
poguapy,perseverante,constante,
poguasu,grueso,poderoso,respetable
poguy,dominio,imperio,cuidado
pohano,remediar,medicinar,curar
pohä,remedio,medicina,
pohänohára,médico,farmacéutico,curandero
pohä ñana,yuyos,planta medicinal,
pohäro'ysä,remedio refrescante,tisana,
pohe,habilidoso,mañoso,
pohéi,acostarse con alguien,dormir con otro,
pohýi,pesado,molesto,grave
poi,soltar,tirar,lanzar
pojái,alcanzar,alargar la mano,
pojava,tener prisa,apurarse,
pojera,generoso,davidoso,derrochador
pojopy,saludo,tacaño,
pojovái,a manos juntas,,
poka,torcer,retorcer,
pokarë,mano torcida,ladrón,robar
pokatu,milagro,poder,
pokä,poco,escaso,raro
poko,tocar,palpar,pulsar
pokovi,ratero,ladrón,
pokua,maniatar,manear,
pokuaa,acostumbrar,habituar,conocimiento
pokuaha,esposa,grillo,manea
pokue,patas,,
pokyra,cocinera,,
pokyty,estregar,fregar,manosear
poky'a,mano sucia,fregona,
pombero,duende mitológico,maléfico,
poñy,gatear,serpentear,
popa'ä,pillar ,atrapar,coger
pópe,en la mano,,
pope,mano chata,,
popegua,propina,regalo,recompensa
popete,palmotear,aplaudir,
pope'a,reparar,topar,
popichy,refregar,friccionar,
popinda,ratero,ladronzuelo,
popo,saltar,brincar,retozar
popyhy,apretón de manos,,
popyte,palma de la mano,,
popy'ÿi,frecuente,en serie,
póra,duende,,
porandu,preguntar,averiguar,
porä,hermoso,lindo,bello
poravo,escoger,elegir,selccionar
poravopyre,escogido,,
poreno,fornicar,cohabitar,
pore'ÿ,ausente,,
poriahu,pobre,indigente,desposeído
poriahuvereko,compadecerse,,
porohayhukuaa,cariñoso,benigno,sencible
porojokuái,ordenar,ocupar a alguien,
porojuka,matar,asesinar,
porojukaha,matón,asesino,homicida
porojuvy,ahorcar,,
porojuvyha,verdugo,,
porokuaa,conocimiento,darse cuenta,
porombo'e,enseñar de oficio,,
porombo'eha,maestro,,
pororo,crepita,chisporrotea,
poro'o,grande,descomunal,
poro'u,fornicar,,
portiju,comida,manjar,
poru,usar,emplear,
poruka,prestar,,
poryrýi,mano temblorosa,,
posu'u,atar fuerte,,
pota,desear,querer,
potaha,postor,,
potaite,casi,muy luego,
potapy,deseado,apetecido,
potapyrä,envidiable,deseable,
poti,evacuar,defecar,morir
poty,flor,,
potyjera,flor abierta,,
potykuru,capullo,,
poty'o,coger,quitar la flor,
povevúi,ratero,ladronzuelo,
povyvy,hurgar,registrar,palpar
poyhu,recelo,cortedad,respeto
poyvi,bandera,,
po'a,suerte,fortuna,
po'ë,meter la mano,,
po'i,delgado,estrecho,
po'o,coger,destetar,tomar
pu,sonido,nota musical,
púa,puntiagudo,hierro de trompo,
puatarara,atolondrado,inquieto,alocado
puka,reír,risa,
pukaha,que ríe,,
pukavy,sonreír,,
puku,largo ,alto,duradero
punga,diarrea,estar empachado,
pupu,ebullición,hervir,bullir
purahéi,canto,cantar,canción
puru,usar,emplear,
pururü,crujir,crujido,
puru'a,prenez,embarazada,
puru'asä,cordón umbilical,,
puru'ä,ombligo,medio centro,
pu'aka,ser poderoso,prevalecer,
pu'ä,levantarse,estar derecho,
pu'ÿva,insonoro,,
py,ancho,pie,
pyaha,trama,tejer,zurcir
pyahë,gemido,gemir,suspirar
pyahu,nuevo,novato,fresco
pyambu,ruido de pisada,,
pyape,empeine,,
pyapë,uña de la mano,pezuña,garra
pyapëmbuku,uñas largas,,
pyapë'o,cortarse las uñas,,
pyapy,muñeca,,
pyasy,espíritu profético,fuerte,
pyatä,convalecencia,restablecimiento,
pyáu,ronquera,disfonía,
pya'e,apresurarse,a prisa,
pychalái,roto,andrajoso,
pycha'ï,pie agrietado,arrugado,
pychäi,renguera del pie,,
pyenda,grada,peldaño,morada
pygua,cóncavo,,
pyguara,revolver,investigar,estudiar
pyguasu,ancho,espacioso,patudo
pyhare,noche,,
pyharegua,nocturno,noctámbulo,
pyharépe,de noche,,
pyhareve,mañana,,
pyhéi,lavar los pies,,
pyho,desliz,resbalón,
pyhy,asir,atrapar,coger
pyhyha,asa,mango,empuñadura
pyjehýi,calambre en el pie,,
pyjere,torcedura,,
pykasu,especie de paloma,,
pyko'ë,cóncavo,excavado,
pykua,alforja,maletín,atar los pies
pykúi,andar,caminar,ir
pynandi,descalzo,,
pyne,pie hediondo,mal olor,
pyno,pedar,echar pedos,
pype,con,,
pypore,pisada,señal,huella del pie
pypuku,pie largo,hondo,profundo
pypyte,planta del pie,,
pypytepiru'a,callo plantar,,
pýra,crudo,,
pyrague,espía,soplón,delator
pyrai,semicrudo,mal cocido,
pyrenda,estribo,,
pýri,con,en compañía,
pyrusu,espacioso,grande,profundo
pyrü,pisotón,pisar,paso
pyryrÿi,ágil,viveza,velocidad
pysä,dedo del pie,,
pysapë,uña del pie,pezuña,
pyso,extender,desplegar,estirar
pysyrö,salvar,librar,
pysyry,resbalar,deslizarse,patinar
pyta,queda,parar,detenerse
pytagua,extranjero,,
pytajeka,grieta de los pies,talón agrietado,
pytajovái,ser mitológico,,
pytamba,todo rojo,encarnado,sonrojarse
pytangy,rosado,rojo débil,
pytasä,tendón de Aquiles,garrón,
pytaso,hincapié,afirmarse,resistir
pyta'ä,de puntillas,,
pytä,rojo,colorado,púrpura
pyte,chupar,sorber,succionar
pyti'a,seno,pecho,teta
pyti'achiä,chillido pectoral,,
pyti'arasy,dolor en el tórax,,
pyti'u,tufo,mal olor,
pytuhë,respiración,,
pytujoko,sofocar,,
pytukytä'i,jadeo,,
pytune,mal aliento,aliento fétido,
pytupa,morir,,
pyturape,tráquea,,
pytu'u,descansar,reposar,reposo
pytü,oscuridad,tiniebla,noche
pytümby,crepúsculo,semioscuro,
pytÿ,atragantarse,,
pytyvö,ayudar,socorrer,uxiliar
pyvevúi,ágil de pies,andarín,
pyvoi,patada,puntapié,
py'a,corazón,,
py'a angata,preocupación,ansia,solicitud
py'aguapy,paz,tranquilidad,sociego
py'aguasu,valentía,coraje,audacia
py'ahái,agriera,acidez del estómago,
py'ahatä,inhumano,cruel,duro
py'ahe,tener apetito,hambre,
py'aho,recuerdo,pensamiento,memoria
py'ajera,tranquilizarse,calmarse,sosegarse
py'ajere,náusea,,
py'ajoko,bocado,refrigerio,
py'ajopy,quebranto,pena,pesadumbre
py'aju,miedoso,cobarde,
py'ajuka,afligir,matar,hacer desmayar
py'ajuru,boca del estómago,,
py'aka,atorar,golpear en el vientre,
py'akane'ö,fatigarse,afligirse,apenarse
py'akangy,desfallecer,aplanado,decaído
py'akororö,ruidos intestinales,tener hambre,
py'akuaa,comprender,congeniar,simpatizar
py'akue,asadura,bofes,hígado
py'akutu,punzada en el corazón,,
py'akyrÿi,estremecerse,gozar,
py'amano,desmayo,limotimia,
py'amandyju,cobarde,miedoso,apocamiento
py'amirï,pusilánime,cobarde,miedoso
py'amongeta,pensamiento,reflexionar,pensar
py'añarö,agresivo,bravo,furioso
py'aperere,taquicardia,inquietud,
py'apohýi,ingigestión,gastritis,pesadez en el estómago
py'apopo,asustarse,sobresaltarse,impresionarte
py'apy,alma,espíritu,interior
py'araku,calor interior,acaloramiento,apasioanrse
py'arasy,apetito,,
py'arenyhë,hartura,,
py'aro,odio,rencor,hiel
py'aropu,estallar,afectar mucho,
py'arory,estar alegre,feliz,optimista
py'ajuru,py'ajuru,,
py'asangue,diafragma,,
py'atarova,locura,confusión,desorientación
py'atutu,taquicardia,palpitación rápida,
py'atyai,rencoroso,resentido,odiar
py'atytýi,tener miedo,asustadizo,
py'avai,sentir náuseas,indigestado,estómago revuelto
py'avu,timpanitis,hinchazón del estómago,
py'i,pies pequeño,,
py'ÿi,con frecuencia,frecuentemente,
rague,pelo,,
raha,llevar,,
rahauka,enviar,,
rairo,muy agrio,,
rajy,hija,,
rakuchi,calentura,celo,
rambi,dormitar,,
rambosa,desayunar,,
rangue,en vez de,,
rari,huidizo,arizco,
rasë,llorar,lamentar,
raso,agusanado,,
rasy,enfermar,estar enfermo,
rataindy,vela,brillar,lucir
ratä,duro,inflexible,
ratï,cornudo,ser espinoso,
raviru,esponjado,decaído,
ra'y,hijo,para diminutivos,
ra'ymi,un poquito,,
räi,dientes,muelas,
räimbu,hambriento,,
rehe,por,,
reheve,con,,
rehe'ÿ,sin,,
rei,gratis,de balde,
remói,tener comezón,,
rembe'y,límite,ribera,ruedo
rerojaha,que lleva,,
rerovaha,transmisor,contagioso,
resaho,advertir,vista casual,
resarái,olvidarse,no tener en cuenta,
resaruru,conjuntivitis,ojo hinchado,
resasë,exitado,agitado,
resatü,cataratas,ciego,
resavâ,bizco,,
resavi,vista defectuosa,guiño,
resäi,sanosalud,,
rojevy,volver,retroceder,retornar
ropevy,dormitar,,
ropopo,hacer saltar,,
ropurahéi,celebrar,cantar,ensalzar
ropu'ä,levantar,,
rora,afrecho de maíz,,
rory,alegrarse,contento,dichoso
rosä,resistente,,
rotï,avergonzarse,,
rovái,frente,,
rovaja,cuñado,,
rovake,en presencia,,
rovamoköi,falsedad,hipócrita,FALSO
rovapytamba,sonrojarse,avergonzarse,
rovasy,serio,aspecto severo,
rovatavy,zonzo,ignorante,
rovayva,mirar arriba,levantar la cabeza,
rovy'a,dar gusto,placer,
ro'y,tener frío,,
ru,padre,traer,
ruanga,padrastro,,
ruguái,cola,rabo,diarrea
rupi,por,mediante,
rupi'a,huevo,,
ruru,hincharse,,
ryguasu,gallina,,
ryguasukeha,gallinero,,
ryguasume,gallo,,
ryguasu ra'y,pollito,,
ryguasurupi'a,huevo de gallina,,
ryke,mi hermana,,
rymba,ganado,,
ryrýi,temblar,tiritar,vibrar
ryvy,hermano mayor,,
ry'ái,hilera,fila,lista
sagua'a,arisco,cerril,ojos saltones
sái,falda,pollera,saya
saihovy,vestido azul,bala perdida,
saingo,colgadura,colgante,estar colgado
saite,arisco,cerril,silvestre
sakä,transparente,claro,evidente
sako'i,preparado,,
sakuape,tuerto,,
sambo,zancada,paso largo,
sambyhy,conducir,gobernar,dirigir
sambyhyha,director,conductor,rector
sambyky,soga corta,limitado,restringido
sapara,ojo verdoso,moteado,
sapatu,zapato,,
sapatupe,sandalia,,
sápe,para espantar,,
sapukái,gritar,clamar,vociferar
sapy,cerrar lo ojos,,
sapy'a,de repente,súbito,instantáneo
sapy'agua,de momento,provisional,suplente
sapy'aite,poco tiempo,rápido,
sapy'ánte,a veces,,
saraki,juguetón,travieso,ligero
sarambi,desorden,entrevero,algarabía
sarapiü,sarampión,,
sareko,fijar la vista,,
sarïa,ave zancuda,,
sarovy,ojos azules,,
saruru,conjuntivitis,inflamación de ojos,
satï,cristalino ,transparente,claro
satü,ciego,ceguera,tuerto
savä,bizco,,
savi,bizco,,
sayju,amarillo,descolorido,pálido
sayku,legaña,,
sa'i,poco,pequeño,
sä,cuerda,soga,
sämbyhyha,director,rector,líder
säso,libertad,independencia,emancipación
sevói,cebolla,,
sevoity,cebollar,,
sevo'i,lombriz,solitaria,tenia
së,salir,aventajar,
so,soltar,cortarse,carecer
sogue,pelado,insolvente,sin dinero
soha,última moneda,,
sójo,soyo,,
soro,roto,desgarrado,estropeado
soso,rendido,fatigado,
so'o,carne,,
so'oapu'a,albóndiga,,
so'ohesy,asar carne,,
so'ojukysy,puchero,caldo de carne,
so'oka'ë,asado,carne asada,
so'okangue,hueso sin carne,,
so'oku'i,carne molida,,
so'omimói,carne hervida,,
so'one,carne hedionda,,
so'opiru,carne seca,cecina,charqui
so'opyahu,carne frezca,,
so'o pýra,carne cruda,,
sunu,tronar,resonar,
suru,entrar,allanamiento,
susu'a,forúnculo,nacido,postema
susü,temblor,tiritar,temblar
su'u,morder,mascar,masticar
su'upy,comida,víveres,vitualla
sy,madre,,
syanga,madrastra,,
syryku,sorber,beber,
syryry,deslizarse,escurrirse,
sysýi,palpitación,estremecimiento,vibración
syva,frente,,
syvacha'ï,frente arrugada,ceño,entrecejo
syvakandu,frente abultada,,
syvapeköi,bifronte,,
syvapo,frente prominente,,
sÿi,resbaladizo,liso,lúbrico
taguato,hacón,gavilán,
tague,pelo,cabello,lana
tague'o,pelar,desplumar,trasquilar
taguyno,fermento,,
taguyrö,libido,lascibia,deseo sexual
tagë,prisa,apurarse,
tahýi,hormiga,,
tái,picante,pica,
taita,abuelo,,
tajasu,puerco,sucio,deshonesto
tajy,lapacho,nervio,tendón
tajygue,nervio,tendón,
tajypoty,flor de lapacho,primavera,
tajýra,hija,,
takamby,horquilla,entrepiernas,
takara'a,molleja,estómago,
takate'ÿ,tacañería,avaricia,mezquindad
taku,calor,caloría,entusiasmo
takuára,bambú,,
takuare'ë,caña dulce,,
takuare'ëndy,cañaveral,,
takuatï,caña de castilla,,
takuchi,libido,calentura,celo
takuru,hormiguero,,
takuvo,tibio,templado,ardor
taky,discutir,pelearse,trabarse
takykue,atrás,trasero,
tamoi,ante pasado,,
tambeypy,ingle,,
támbo,resistente,fuerte,
tambu,larvas de gusano,,
tanimbu,ceniza,,
tañykä,quijada,mandíbula,barbilla
tape,camino,arte,modo o manera
tapere,tapera,casa abandonada,
taperyva,especie de cafeto,,
tápia,pared,tapia,
tapiti,liebre,,
tapi'a,miembro,verga,
tapýi,toldo,casita,hogar
tapypa'û,regazo,falda,
tarave,cucaracha,,
tarova,loco,demente,lunático
taruma,especie de olivo,,
taryrýi,ávido,avariento,
tasë,llanto,lloro,gruñido
tata,fuego,,
tataindy,vela,lámpara,
tatakua,horno,,
tatapyi,brasa,carbón encendido,
tatatï,humo,,
tataypy,cocina,,
tata'y,tizón,,
tatu,armadillo,,
tau,duende,mal espíritu,
táva,pueblo,aldea,ciudad
tavaguasu,ciudad,urbe,
tavahu,vagar,andar,sin rumbo
tavaróga,comuna,municipalidad,
taviju,vello,bozo,felpa
taviru,hinchazón,blandura,ternura
tavy,ignorante,indocto,tonto
tavyrai,idiota,bobo,
tayhu,amor,caridad,
ta'anga,figura,imagen,retrato
ta'ä,medida,metro,
ta'ýra,hijo,,
ta'yra'i,pichón,conjunto de hijos,
ta'yrusu,adolescente,cachorro,mozo
täi,diente,muela,
täigue'a,diente de juicio,,
täijehýi,dentera,,
täimbíra,encía,,
täimbiti,mostrar los dientes,,
täirapo,raíz de la muela,,
täirasy,dolor de muela,,
techaga'u,deseo de ver,añoranza,
techagi,descuido,negligencia,
techakuaa,darse cuenta,inteligencia,comprensión
techapy,visto,fue visto,
techapyrä,ejemplo,digno de verse,
techaramo,admiración,ponderación,
techauka,ejemplo,indicación,consejero
techavai,apuro,angustia,estrechez
teju,lagarto,,
tejuruguái,látigo,,
tekaka,excremento,bosta,estiércol
tekakahýi,ganas de evacuar,,
tekakapa'ä,estreñimiento,intestino perezoso,
teko,naturaleza,temperamento,carácter
tekoasy,pena,sufrimiento,pasión
tekoha,morada,pueblo,valle
tekojoja,justicia,equidad,
tekombo'e,educación,crianza,
tekoporä,vida privilegiada,,
tekopy,régimen de vida,conducta,
tekorä,conducta,ocupación,obligación
tekora'ä,imitación,remedo,esbozo
tekorä'ÿ,haragán,holgazanería,sin ocupación
tekorei,licencia,libertinaje,cuatrerismo
tekotevë,nesecidad,,
tekovai,mal carácter,mala conducta,
tekove,competente,capaz,persona
tekovekue,vida pasada,conducta de antes,
tekovia,sustituto,,
tekuái,gobierno,,
temiarirö,nieto,hijo adoptivo,
temikotevë,lo necesario,lo urgente,
temimbo'e,doctrina,disciplina,enseñanza
temimbo'ehára,maestro,,
temimbou,enviado,,
temói,comezón,escozor,picor
tembe,tembe,belfo,orilla
tembejeguaru,repugnancia,,
tembeta,barbote,disco labial,
tembevä,labio ladeado,torcido,
tembevo,labio partido,leporino,
tembe'a,labio caído,boquiabierto,estúpido
tembe'y,borde,orilla,ribera
tembiapo,trabajo,tarea,labor
tembiapoha,trabajador,,
tembiaporepy,salario,jornal,sueldo
tembiasa,suceso,acontecimiento,
tembiasaasy,sufrimiento,padecimiento,pasión
tembiayhu,amor,amante,amigo
tembiecharä,camuflaje,simulación,
tembiguái,sirviente,criado,empleado
tembijohéi,que se lava,,
tembijokuái,sirviente,criado,empleado
tembikuaa,ciencia,,
tembipe,claridad,luz,reverbero
tembiporavo,selección,escogida,preferida
tembireko,esposa,,
tembirekorä,novia,,
tembirereko,posesión,propiedad,
tembirerukapy,envío,paquete,encomienda
tembi'u,comida,alimento,manjar
tembi'uhe,comida rica,plato sabroso,favorito
tembi'utýra,pan,mandioca,arroz
tembi'uypy,aperitivo,entremés,anticipo de la comida
tembi'upaha,postre,,
tembo,retoño,vástago,falo
temby,resto,residuo,sobras
tembyre,sobrante,resto,residuo
tenimbe,cama,,
tenimbo,su hilo,,
tenói,llamamiento,vocación,llamado
tenonde,delante,,
tenonde'a,adelantarse,,
tenyhë,plenitud,satisfacción,colmo
tenypy'ä,rodilla,rótula,
tendota,conductor,jefe,caudillo
tendu,audición,percepción,
tendy,luz,llama,salivazo
tendysyry,baba,babear,
tendyva,barba,,
teñói,germen,germinación,botón
tepoti,excremento,bosta,
tepotihýi,ganas de evacuar,,
tepy,precio,carestía,
tepyno,pedo,cuesco,
tepynombo,flatulencia,,
téra,nombre,,
terahaha,lleva,,
terakuä,fama,rumor,
teraite,nombre de pila,,
terajoapy,apellido,,
terarerekoha,tocayo,,
tera'ÿ,sin nombre,innominado,
terekua,encargado,apoderado,cuidador
terere,mate frío,crujir,crepiatr
tero,sustantivo,,
tesa,ojo,grano,vista
tesaho,ver por casualidad,,
tesa hovy,ojos azules,,
tesäi,sanidad,salud,
tesaite,salvaje,arisco,cerril
tesajoapy,lente,gafa,anteojos
tesakä,transparencia,claridad,evidencia
tesakuape,tuerto,,
tesangy,llorón,,
tesapara,ojo moteado,apuro,dificultad
tesape,iluminación,radiación,ojo aplastado
tesápe,en el ojo,,
tesape'ü,legaña,,
tesapirï,parpadeo,abrir y cerrar el ojo,
tesapo,ojos saltones,,
tesapu,ojo reventado,,
tesapyso,buena vista,vista larga,
tesarái,olvido,,
tesarasy,conjuntivitis,,
tesarei,mirón,,
tesareko,atención,cuidar,fijar los ojos
tesaruru,hinchazón de los ojos,,
tesasë,ojos salientes,,
tesatü,ceguera,,
tesavä,estravismo,,
tesavi,guiño,pestañeo,descuido
tesay,lágrima,,
tesa'ä,descuidar,,
tesa'ÿi,niñeta del ojo,,
tesa'ÿijo,limpieza del algodón,analizar,
tesäi,sanidad,salud,salubridad
teta,muchedumbre,,
tetä,país,nación,patria
tetämba'e,fisco,tierras,propiedad del estado
tetäygua,nativo,natural de un país,paisano
tete,cuerpo,,
tetekue,cadáver,,
tetéu,terotero,,
tetia'e,buen humor,,
tetyma,pierna,pata,sostén
tetymakarë,estevado,patituerto,patizambo
tetymañepä,zambo,,
tetymañoki,zambo,,
tetymaro'o,pantorrilla,,
tevi,fondo,trasero,culo
tevija,visitante molesto,que demora mucho,
tevikua,orificio anal,,
teviro'o,nalga,,
te'ongue,muerto,cadáver,
te'ö,humedad,,
te'ýi,linaje,tribu,estirpe
tiatä,altanero,engreído,
tie'ÿ,malo,zafado,atrevido
tikichuéla,juego de niños,,
timbo,vapor,humareda,vaho
tini,caliente,está bochornoso,
tindy,abatimiento,encogimiento,decaimiento
tinguasu,picaza,hurraca,pájaro hechicero
titi,juntarse,se aglomeran,seno
tï,nariz,pico,hocico
tïguasu,nariz grande,narigón,
tïkarapä,nariz corva,,
timbe,chato,ñato,nariz aplastada
tïnguára,fosas nasales,,
tiñe'ë,voz nasal,,
tïpa'ä,constipación,estar resfriado,
tiruguy,sangra la nariz,hemorragia nasal,
tïsyry,moco,resfrío,flujo de la nariz
togue,hoja,página,
toguekúi,otoño,caída de las hojas,
toguepiru,hoja seca,,
tokái,cerco,corral,
tokë,puerta,,
tokoro'o,cantar del gallo,,
toky,brote,retoño,renuevo
topea,pestaña,,
topehýi,ganas de dormir,sueño,soñolencia
topepi,párpado,,
topepikangy,párpado cansado,débil,
topepireko,orzuelo,,
topepiruru,párpado hinchado,,
topevy,dormitación,,
topyta,base,popa,tronco
tóro,toro,,
torovichu,giboso,,
toroñarö,toro bravo,,
torore,balancearse,mecerse en hamaca,
tory,dicha,júbilo,gozo
toryja,payaso,hazmerreír,
tosä,resistencia a la muerte,,
tova,semblante,rostro,cara
Tova'atä,caradura,osado,
tovaja,cuñada,,
tovakangue,pómulo,,
tovake,en presencia,a la cara,
tovakorócho,cara con acné,,
tovakuare,cara fina,,
tovamoköi,doblez,ocultamiento,recelo
tovañomi,vergüenza,,
tovapete,bofetada,bofetón,
tovapyko'ë,cara chupada,mejilla hundida,
tovapytamba,sonrojo,vergüenza,
tovara'anga,máscara,,
tovarehegua,careta,antifaz,
tovasa,bendición,,
tovasy,serio,cara seria,
tovatavy,zopenco,bobo,tonto
tovatï,caolín,,
tovayke,mejilla,,
tovayva,mirar arriba,,
tove,no,no apruebo,
tovykä,hebra,fibra,filamento
tovyü,verdinegro,,
to'o,carne,corpulencia,
to'ysä,frío,fresco,
tugua,fondo,rincón,hondura
tuguái,cola,rabo,apéndice
tuguáijetapa,tijereta,,
tuguái kapi'i,cola de paja,,
tuguaimbovava,coleteo,,
tuguaipo'i,diarrea,,
tuguai'o,cortar la cola,,
tugua'ÿ,sin fondo,abismo,sima
tuguy,sangre,,
tuicha,grande,,
tuja,viejo,anciano,
tuju,barro,,
tujuju,cigüeña,,
tuka'ë,tocado,juego de niños,
tukä,tucán,,
tuku,langosta,,
tukumbo,látigo,azote,disciplina
túky,palpitación,,
tumby,lomo,muslo,nalga
tumbyky,cadera,,
tumbyrasy,dolor de cadera,,
tumbyro'o,nalga,asentadera,
tumby'a,mal de cadera,derrengado,
túna,chumbera,,
tungusu,pulga,,
tupa,cama,lecho,
tupaitü,adoración,besar,adorar la cruz
tupamba'e,limosna,,
tupamba'ejára,limosnero,pordiosero,
tupanói,pedir la bendición,,
tupäo,templo,iglesia,casa de Dios
tupara'ä,comulgar,,
tupäsy,madre de Dios,,
tupäsy ára,fiesta de la Virgen,,
tupä,Dios,,
tupi,morocho,lengua,
tupi'a,huevo,,
tupi'amorotïngue,clara de huevo,,
tupi'apytangue,yema de huevo,,
turu,cornetín de asta vacuna,,
turuñe'ë,silvar,,
túva,padre,,
tuvajarýi,bisabuela paterna,,
tuvanga,padrastro,,
tuvaróga,casa paterna,,
tuva'ÿva,huérfano,,
tuvicha,grande,jefe,superior
tu'ä,cima,cumbre,copa
tu'ä'o,desmochar,podar,
tu'ï,cotorra,,
tu'u,trabarse,insistir,tos
tü,pique,nigua,
tü'o,sacar pique,,
ty,orina,conjunto de,
tyahýi,ganas de orinar,,
tyai,turbio,impuro,rencor
tyakuä,olor,fragancia,
tyakuävu,aroma,perfume,
tyapu,ruido,estrépito,
tyarö,maduro,sazonado,adulto
tyasy,disuria,,
tye,vientre,tripa,diarrea
tyechivi,diarrea,,
tyegualala,ruidos de las tripas,,
tyeguasu,mondongo,preñez,embarazo
tyeguy,bajo vientre,,
tyekue,tripas,,
tyekuepo'i,intestino delgado,,
tyekuesë,hernia,,
tyekue'o,extirpación,despanzurrar,
tyepy,interior,,
tyepýgui,desde el interior,,
tyepývo,al interior,,
tyeraso,tenia,solitaria,
tyerasy,colitis,cólico,indisposición
tyeruguy,deposición sanguínea,hemorragia intestinal,
tyevu,meteorismo intestinal,,
tyjúi,espuma,burbuja nata,
tyjui'o,sacar la espuma,,
tyke,hermana mayor,,
tyke'y,mi hermano,,
tyku,humedad,mojadura,licor
tykua,bebida,,
tykue,jugo,zumo,
tykuere,zumo extraído,,
tykue'o,exprimir,,
tyky,gota,gotear,
tykyre,gota,,
tyky'u,sorber,,
tymýi,resonar,,
tymba,animal,,
typei,barrer,,
typeka,escarbar,remover,rebuscar
typói,camisa de mujer,,
typycha,escoba,,
typykua,hoyitos en la mejilla,,
typyraty,afrecho de mandioca,,
typy'a,coagular,coágulo,hielo
typy'ü,espesura,,
týra,que acompaña la comida,pan,mandioca
tyrape,uretra,,
tyrä,penacho,copete,tupé
tyre'ÿ,huérfano,,
tyre'ÿróga,orfanato,asilo,
tyru,recipiente,emboltorio,
tyrukue,recipiente usado,,
tyryru,vejiga,,
tyryrukue,vejiga extirpada,,
tyryry,arrastrarse,,
tysýi,hilara,fila,línea
tytýi,latir,,
tyvyro,sacudir,quitar el polvo,
tyvyta,ceja,pelo de la ceja,
tyvyty,sepultura,cementerio,
ty'ái,sudor,transpiración,
ty'äi,gancho,garabato,ganzúa
umíva,esos,,
uñe,herpes circinado,,
upéva,ese,,
upeaja,entretanto,en ese ínterin,
upearä,para eso,,
upéi,después,,
upéicha,así,de ese modo,
upeichaite,exactamente,asimismo,
upéicharamo,si así es,si así fuera,
upéichavo,de consiguiente,luego,
upémaramo,y entonces,,
upépe,ahí,allí,
pépe,en aquel tiempo,entonces,
upéramo,,,
uperire,después,ulteriormente,
upérö,entonces,,
upérupi,por ahí,,
upéva,eso,,
upy,comida,comestible,
úra,miasis cutánea,mariposa nocturna,
urë,eructo fétido,eructar,
uru,gallina silvestre,,
urugua,caracol de mar,,
urugua'y,río de caracoles,,
urukure'a,lechuza,mochuelo,
urumbe,tuna,nopal,chumbera
urunde'y,Especie de árbol,,
urutáu,urutau,pájaro,
uvei,más bien,,
uvyru,calzoncillos,,
vai,feo,inservible,nocivo
vaivai,medianamente,más o menos,
vaka,vaca,,
vakame,toro,,
vakaratï,cuerno de vaca,asta,
vakapi,piel de vaca,cuero,
vakapipopo,balompié,pelota de cuero,
vakara'y,ternero,becerro,vaquilla
vare'a,apetito,,
vava,tambalear,vacilar,tratrabillar
vera,brillo,resplandor,fulgor
veve,volar,ir en avión,
veveha,avión,aeroplano,
vevúi,liviano,ligero,fofo
vichea,averiguar,indagar,dar un vistazo
vira,repetir,,
viru,dinero,plata,
voi,temprano,pronto,claro
vokói,luego,dentro de poco,de repente
volu,mirón,curioso,entrometido
vopyre,trozo,pedazo,tajada
vore,huella,,
vori,albóndigas de maíz,,
vosa,bolsa,,
vovo,puente,,
vu,fermentar,inflado,oler mal
vyro,tonto,necio,sonso
vyvy,cosido,,
vy'a,bienestar,alegría,felicidad
vy'araity,paraíso,edén,
vy'ave'y,desconsuelo,desesperación,infortunio
vy'a'y,desazón,inquietud,malestar
yga,canoa,barco,lancha
ygarata,embarcación,navío,lancha
ygarupa,puerto,astillero,
ygarusu,transatlántico,buque grande,
ygary,cedro,,
ygáu,alga,musgo,
ygua,bebedero,aguada,recipiente de agua
ygue,marlo,puño,mango
yguy,debajo del agua,ahogarse,
yjara,sacar agua,,
yjarýi,nereida,especie de perdiz,
yjere,remanso,bahía,ensenada
yjoapy,hola,onda,
yke,lado,costado,flanco
ykeregua,cecino,,
ykérehe,de lado,por el lado,
ykerehegua,lateral,colateral,
yke'ä,ladeado,,
ykua,pozo,fuente,
ykuavu,manantial,,
yma,antes,hace tiempo,
ymono'öngue,estanque,pileta,
ynambu,perdiz,codorniz,
yno'ongue,bache,charco,
yno'ö,charco de agua,,
ypa,lago,laguna,
ypa'ü,isla,,
ypegua,acuático,del agua,
ypekua,lugar de patos,,
ypi,seco,enjuto,
yporu,diluvio,,
ypy,principio,cercanía,linde
ypykuéra,antepasados,ascendientes,
ypýpe,cerca,junto a,cabe
ypytü,oscuro,tupido,
yrei,aguado,,
yrembe'y,orilla del agua,,
yrembyre,sobrante de agua,,
ýrö,odiar,despreciar,
yrupë,cedazo,criba,
ýrupi,por agua,en barco,
yrypy'a,hielo,agua coagulada,
yryvu,cuervo,zopilote,
ysakä,agua clara,cristalina,transparente
ysapy,rocío,,
ysatï,agua cristalina,fuente clara,
ysau,hormiga grande,,
yso,gusano,,
ysokamby,larva,,
ysoindy,luciérnaga,,
ysope,sanguijuela,,
ysypo,bejuco,enredadera,
ysyry,corriente de agua,arroyito,torrente
ysyryha,zanja,cauce,
yta,nadar,puntal,jefe
ytaku,agua hervida,,
ytangecha,espejo,,
ytä,nácar,ostra,
ytimbo,vapor,evaporación,
ytororö,cascada,agua atronadora,
yty,basura,desperdicio,inmundicia
ytyapy,basural,depósito de basura,
ytyroviru,hojarazca,,
ytyryru,tacho de basura,,
ýva,mango,tronco,guía
yva,fruta,fruto,
yvaaky,fruta verde,,
yvága,cielo,la gloria,vida eterna
yvagapy,firmamento,universo,cielo
yvaju,fruto,fruta madura,
yvakúi,fruta que se cae,,
yvapovö,árbol de frutas amarillas,,
yvapurü,árbol frutal,,
yvate,arriba,alto,elevado
yvatyarö,fruta madura,,
yvoty,flor,,
yvotykuru,capullo,pimpollo,doncella
yvotyma,ramillete,ramos de flores,
yvotyñemuha,florería,florista,
yvotyrenda,florería,,
yvotyresay,néctar,,
yvotyropea,pétalos de flor,,
yvotyty,jardín,rosedal,huerto florido
yvotytyjára,jardinero,,
yvu,manantial,fuente,
yvy,tierra,mundo,lote
yvyakytä,terrón,bodoque,
yvyape,superficie,,
yvyapu'a,globo terráqueo,,
yvyapýra,confín de la tierra,,
yvyapyte,centro de la tierra,,
yvy ári,sobre la tierra,,
yvyatä,tapia,pared,
yvyaty,colina,cerro,montaña
yvy gotyo,hacia la tierra,hacia abajo,el sur
yvyguy,subsuelo,,
yvyja,culebra,,
yvyjára,dueño de la tierra,,
yvykaräi,escarbar,arañar la tierra,trabajar
yvykua,cueva,caverna,fosa
yvyku'i,arena,,
yvyku'itimbo,polvareda,polvo,
yvymarae'ÿ,paraíso,tierra sin mal,
yvymboja'o,lotear,repartir la tierra,
yvype,lano,llanura,pampa
yvýpe,en la tierra,,
yvypóra,hombre,persona,ser humano
yvyra,árbol,palo,garrote
yvyra akamby,horquilla,caliguaya,
yvyra atä,quebracho,,
yvyrahakua,estaca,,
yvyrajere,carro,carreta,
yvyrakamby,árbol de la leche,,
yvyrakarapä,arco,,
yvyrakua,cepo,cárcel,
yvyraku'i,aserrín,serrín,
yvyrakytï,aserrar,cortar madera,
yvyramáta,tronco,,
yvyrapoty,flor del árbol,,
yvyrapuku,sauce llorón,,
yvyrarakä,rama,ramaje,
yvýre,por tierra,por el suelo,
yvyrupigua,a pie,caminante,peatón
yvyryrýi,terremoto,temblor de la tierra,
yvysusü,pantano,estero,
yvytaso,gusano blanco,,
yvytimbo,polvareda,,
yvytu,viento,brisa,
yvytuñemby,viento sur,,
yvytuvai,tormenta,huracán,tornado
yvyty,cerro,montaña,
yvytyrusu,cordillera,,
yvyvai,tierra mala,inútil,
yvy'uha,geófago,que come la tierra,
y'u,beber agua,,
y'uhéi,sed de agua,,
